{
"summary": {
"general": {
"closure": false,
"current_route": 1,
"delay": -16.630150000000018,
"deltas": {
"distances": {
"route1vs2": 3290.375,
"route1vs3": -32569.812000000034,
"route2vs3": -35860.187000000034
},
"durations": {
"route1vs2": -465.5599999999995,
"route1vs3": -743.7669999999998,
"route2vs3": -278.20700000000033
}
},
"fastest_route": 2,
"shortest_route": 1,
"full_blockage": false,
"route_count": 3,
"trafficsit": "jam_not_fastest_route"
},
"routes": [
{
"color": "",
"count_maneuvers": 31,
"delay": -18.473616666666658,
"distance": 348821.094,
"duration": 13881.241,
"durationTypical": 12772.824,
"number_construction": 3,
"number_incidents": 7,
"route_number": "1",
"weight": 13012.14
},
{
"color": "",
"count_maneuvers": 22,
"delay": -16.630150000000018,
"distance": 352111.469,
"duration": 13415.681,
"durationTypical": 12417.872,
"number_construction": 7,
"number_incidents": 11,
"route_number": "2",
"weight": 12329.05
},
{
"color": "",
"count_maneuvers": 34,
"delay": -9.017833333333328,
"distance": 384681.281,
"duration": 14159.448,
"durationTypical": 13618.378,
"number_construction": 7,
"number_incidents": 12,
"route_number": "3",
"weight": 12984.765
}
]
}
}
